{
	"credit": "Made with Blockbench",
	"parent": "block/coral_wall_fan",
	"textures": {
		"fan": "custom/fissure3"
	},
	"elements": [
		{
			"from": [-8, 0.1, -8],
			"to": [24, 0.1, 24],
			"faces": {
				"north": {"uv": [0, 0, 16, 0], "texture": "#fan"},
				"east": {"uv": [0, 0, 16, 0], "texture": "#fan"},
				"south": {"uv": [0, 0, 16, 0], "texture": "#fan"},
				"west": {"uv": [0, 0, 16, 0], "texture": "#fan"},
				"up": {"uv": [0, 0, 16, 16], "texture": "#fan"},
				"down": {"uv": [0, 0, 16, 16], "texture": "#fan"}
			}
		}
	]
}