{
	"credit": "Made with Blockbench",
	"texture_size": [64, 64],
	"textures": {
		"0": "custom/folding_chair",
		"particle": "custom/folding_chair"
	},
	"elements": [
		{
			"from": [1, 6, 1],
			"to": [15, 10, 15],
			"faces": {
				"north": {"uv": [7.25, 2.5, 10.75, 3.5], "texture": "#0"},
				"east": {"uv": [7.25, 3.5, 10.75, 4.5], "texture": "#0"},
				"south": {"uv": [7.25, 4.5, 10.75, 5.5], "texture": "#0"},
				"west": {"uv": [7.25, 5.5, 10.75, 6.5], "texture": "#0"},
				"up": {"uv": [3.5, 3.5, 0, 0], "texture": "#0"},
				"down": {"uv": [3.5, 3.5, 0, 7], "texture": "#0"}
			}
		},
		{
			"name": "body",
			"from": [13, 1, 6],
			"to": [16, 25, 9],
			"rotation": {"angle": 22.5, "axis": "x", "origin": [6, 7, 3]},
			"faces": {
				"north": {"uv": [3.5, 4.5, 4.25, 10.5], "texture": "#0"},
				"east": {"uv": [4.25, 4.5, 5, 10.5], "texture": "#0"},
				"south": {"uv": [5, 4.5, 5.75, 10.5], "texture": "#0"},
				"west": {"uv": [5.75, 4.5, 6.5, 10.5], "texture": "#0"},
				"up": {"uv": [3, 10.75, 2.25, 10], "texture": "#0"},
				"down": {"uv": [11, 0, 10.25, 0.75], "texture": "#0"}
			}
		},
		{
			"name": "body",
			"from": [0, 1, 6],
			"to": [3, 25, 9],
			"rotation": {"angle": 22.5, "axis": "x", "origin": [-7, 7, 3]},
			"faces": {
				"north": {"uv": [6.5, 0, 7.25, 6], "texture": "#0"},
				"east": {"uv": [6.5, 6, 7.25, 12], "texture": "#0"},
				"south": {"uv": [0, 7, 0.75, 13], "texture": "#0"},
				"west": {"uv": [0.75, 7, 1.5, 13], "texture": "#0"},
				"up": {"uv": [11, 1.5, 10.25, 0.75], "texture": "#0"},
				"down": {"uv": [11, 1.5, 10.25, 2.25], "texture": "#0"}
			}
		},
		{
			"name": "body",
			"from": [3, 1, 6],
			"to": [13, 3, 9],
			"rotation": {"angle": 22.5, "axis": "x", "origin": [-7, 7, 3]},
			"faces": {
				"north": {"uv": [10, 8, 12.5, 8.5], "texture": "#0"},
				"east": {"uv": [4.5, 10.5, 5.25, 11], "texture": "#0"},
				"south": {"uv": [10, 8.5, 12.5, 9], "texture": "#0"},
				"west": {"uv": [5.25, 10.5, 6, 11], "texture": "#0"},
				"up": {"uv": [12.5, 7.25, 10, 6.5], "texture": "#0"},
				"down": {"uv": [12.5, 7.25, 10, 8], "texture": "#0"}
			}
		},
		{
			"name": "body",
			"from": [2, 16.1, 5],
			"to": [14, 25.1, 10],
			"rotation": {"angle": 22.5, "axis": "x", "origin": [-7, 7, 3]},
			"faces": {
				"north": {"uv": [3.5, 0, 6.5, 2.25], "texture": "#0"},
				"east": {"uv": [1.5, 7, 2.75, 9.25], "texture": "#0"},
				"south": {"uv": [3.5, 2.25, 6.5, 4.5], "texture": "#0"},
				"west": {"uv": [7.25, 6.5, 8.5, 8.75], "texture": "#0"},
				"up": {"uv": [10.25, 1.25, 7.25, 0], "texture": "#0"},
				"down": {"uv": [10.25, 1.25, 7.25, 2.5], "texture": "#0"}
			}
		},
		{
			"name": "body",
			"from": [13, -3, 10],
			"to": [16, 9, 13],
			"rotation": {"angle": -22.5, "axis": "x", "origin": [6, 2, 6]},
			"faces": {
				"north": {"uv": [2.75, 7, 3.5, 10], "texture": "#0"},
				"east": {"uv": [8.5, 6.5, 9.25, 9.5], "texture": "#0"},
				"south": {"uv": [7.25, 8.75, 8, 11.75], "texture": "#0"},
				"west": {"uv": [1.5, 9.25, 2.25, 12.25], "texture": "#0"},
				"up": {"uv": [11, 9.75, 10.25, 9], "texture": "#0"},
				"down": {"uv": [11, 9.75, 10.25, 10.5], "texture": "#0"}
			}
		},
		{
			"name": "body",
			"from": [0, -3, 10],
			"to": [3, 9, 13],
			"rotation": {"angle": -22.5, "axis": "x", "origin": [-7, 2, 6]},
			"faces": {
				"north": {"uv": [9.25, 6.5, 10, 9.5], "texture": "#0"},
				"east": {"uv": [8, 9.5, 8.75, 12.5], "texture": "#0"},
				"south": {"uv": [8.75, 9.5, 9.5, 12.5], "texture": "#0"},
				"west": {"uv": [9.5, 9.5, 10.25, 12.5], "texture": "#0"},
				"up": {"uv": [3.75, 11.25, 3, 10.5], "texture": "#0"},
				"down": {"uv": [4.5, 10.5, 3.75, 11.25], "texture": "#0"}
			}
		}
	],
	"display": {
		"head": {
			"translation": [0, -31.25, -0.25],
			"scale": [1.5, 1.5, 1.5]
		}
	},
	"groups": [
		{
			"name": "group",
			"origin": [8, 8, 8],
			"color": 0,
			"nbt": "{}",
			"armAnimationEnabled": false,
			"children": [0]
		},
		{
			"name": "bone2",
			"origin": [-7, 15, 3],
			"rotation": [-62.5, 0, 0],
			"color": 0,
			"nbt": "{}",
			"armAnimationEnabled": false,
			"children": [1, 2, 3, 4]
		},
		{
			"name": "bone3",
			"origin": [-6.5, 9.5, 1],
			"rotation": [55, 0, 0],
			"color": 0,
			"nbt": "{}",
			"armAnimationEnabled": false,
			"children": [5, 6]
		}
	]
}