{
"credit": "Made with Blockbench",
"textures": {
"1": "custom/p6x"
}
,
"elements": [
{
"name": "Head",
"from": [4, 12, 4],
"to": [12, 20, 12],
"rotation": {"angle": 0, "axis": "y", "origin": [8, 12, 8]},
"faces": {
"north": {"uv": [2, 2, 4, 4], "texture": "#1"},
"east": {"uv": [0, 2, 2, 4], "texture": "#1"},
"south": {"uv": [6, 2, 8, 4], "texture": "#1"},
"west": {"uv": [4, 2, 6, 4], "texture": "#1"},
"up": {"uv": [2, 0, 4, 2], "texture": "#1"},
"down": {"uv": [4, 0, 6, 2], "texture": "#1"}
}
}
,
{
"name": "Head",
"from": [3.75, 11.75, 3.75],
"to": [12.25, 20.25, 12.25],
"rotation": {"angle": 0, "axis": "y", "origin": [8, 12, 8]},
"faces": {
"north": {"uv": [9.75, 2, 11.75, 4], "texture": "#1"},
"east": {"uv": [8, 2, 10, 4], "texture": "#1"},
"south": {"uv": [14, 2, 16, 4], "texture": "#1"},
"west": {"uv": [12, 2, 14, 4], "texture": "#1"},
"up": {"uv": [10, 0, 12, 2], "texture": "#1"},
"down": {"uv": [12.25, 0, 14.25, 2], "texture": "#1"}
}
}
,
{
"name": "Body",
"from": [4, 0, 6],
"to": [12, 12, 10],
"rotation": {"angle": 0, "axis": "y", "origin": [8, 4, 8]},
"faces": {
"north": {"uv": [5, 5, 7, 8], "texture": "#1"},
"east": {"uv": [4, 5, 5, 8], "texture": "#1"},
"south": {"uv": [8, 5, 10, 8], "texture": "#1"},
"west": {"uv": [7, 5, 8, 8], "texture": "#1"},
"up": {"uv": [5, 4, 7, 5], "texture": "#1"},
"down": {"uv": [7, 4, 9, 5], "texture": "#1"}
}
}
,
{
"name": "Body",
"from": [3.75, 0, 5.75],
"to": [12.25, 12.5, 10.25],
"rotation": {"angle": 0, "axis": "y", "origin": [8, 4, 8]},
"faces": {
"north": {"uv": [5, 9, 7, 12], "texture": "#1"},
"east": {"uv": [4, 9, 5, 12], "texture": "#1"},
"south": {"uv": [8, 9, 10, 12], "texture": "#1"},
"west": {"uv": [7, 9, 8, 12], "texture": "#1"},
"up": {"uv": [5, 8, 7, 9], "texture": "#1"},
"down": {"uv": [7, 8, 9, 9], "texture": "#1"}
}
}
,
{
"name": "Leg",
"from": [4, -12, 6],
"to": [8, 0, 10],
"rotation": {"angle": 0, "axis": "y", "origin": [6, 0, 8]},
"faces": {
"north": {"uv": [1, 5, 2, 8], "texture": "#1"},
"east": {"uv": [2, 5, 3, 8], "texture": "#1"},
"south": {"uv": [3, 5, 4, 8], "texture": "#1"},
"west": {"uv": [0, 5, 1, 8], "texture": "#1"},
"up": {"uv": [1, 4, 2, 5], "texture": "#1"},
"down": {"uv": [2, 4, 3, 5], "texture": "#1"}
}
}
,
{
"name": "Leg",
"from": [3.75, -11.75, 5.75],
"to": [8.25, 0.75, 10.25],
"rotation": {"angle": 0, "axis": "y", "origin": [6, 0, 8]},
"faces": {
"north": {"uv": [1, 9, 2, 12], "texture": "#1"},
"east": {"uv": [2, 9, 3, 12], "texture": "#1"},
"south": {"uv": [3, 9, 4, 12], "texture": "#1"},
"west": {"uv": [0, 9, 1, 12], "texture": "#1"},
"up": {"uv": [1, 8, 2, 9], "texture": "#1"},
"down": {"uv": [2, 8, 3, 9], "texture": "#1"}
}
}
,
{
"name": "Leg",
"from": [8, -12, 6],
"to": [12, 0, 10],
"rotation": {"angle": 0, "axis": "y", "origin": [10, 0, 8]},
"faces": {
"north": {"uv": [5, 13, 6, 16], "texture": "#1"},
"east": {"uv": [6, 13, 7, 16], "texture": "#1"},
"south": {"uv": [7, 13, 8, 16], "texture": "#1"},
"west": {"uv": [4, 13, 5, 16], "texture": "#1"},
"up": {"uv": [5, 12, 6, 13], "texture": "#1"},
"down": {"uv": [6, 12, 7, 13], "texture": "#1"}
}
}
,
{
"name": "Leg",
"from": [7.75, -11.75, 5.75],
"to": [12.25, 0.75, 10.25],
"rotation": {"angle": 0, "axis": "y", "origin": [10, 0, 8]},
"faces": {
"north": {"uv": [1, 13, 2, 16], "texture": "#1"},
"east": {"uv": [2, 13, 3, 16], "texture": "#1"},
"south": {"uv": [3, 13, 4, 16], "texture": "#1"},
"west": {"uv": [0, 13, 1, 16], "texture": "#1"},
"up": {"uv": [1, 12, 2, 13], "texture": "#1"},
"down": {"uv": [2, 12, 3, 13], "texture": "#1"}
}
}
,
{
"name": "Arm",
"from": [12, 0, 6],
"to": [16, 12, 10],
"rotation": {"angle": 0, "axis": "y", "origin": [14, 12, 8]},
"faces": {
"north": {"uv": [9, 13, 10, 16], "texture": "#1"},
"east": {"uv": [10, 13, 11, 16], "texture": "#1"},
"south": {"uv": [11, 13, 12, 16], "texture": "#1"},
"west": {"uv": [8, 13, 9, 16], "texture": "#1"},
"up": {"uv": [9, 12, 10, 13], "texture": "#1"},
"down": {"uv": [10, 12, 11, 13], "texture": "#1"}
}
}
,
{
"name": "Arm",
"from": [11.75, -0.5, 5.75],
"to": [16.25, 12.5, 10.25],
"rotation": {"angle": 0, "axis": "y", "origin": [14, 12, 8]},
"faces": {
"north": {"uv": [13, 13, 14, 16], "texture": "#1"},
"east": {"uv": [14, 13, 15, 16], "texture": "#1"},
"south": {"uv": [15, 13, 16, 16], "texture": "#1"},
"west": {"uv": [12, 13, 13, 16], "texture": "#1"},
"up": {"uv": [13, 12, 14, 13], "texture": "#1"},
"down": {"uv": [14, 12, 15, 13], "texture": "#1"}
}
}
,
{
"name": "Arm",
"from": [0, 0, 6],
"to": [4, 12, 10],
"rotation": {"angle": 0, "axis": "y", "origin": [2, 12, 8]},
"faces": {
"north": {"uv": [11, 5, 12, 8], "texture": "#1"},
"east": {"uv": [12, 5, 13, 8], "texture": "#1"},
"south": {"uv": [13, 5, 14, 8], "texture": "#1"},
"west": {"uv": [10, 5, 11, 8], "texture": "#1"},
"up": {"uv": [11, 4, 12, 5], "texture": "#1"},
"down": {"uv": [12, 4, 13, 5], "texture": "#1"}
}
}
,
{
"name": "Arm",
"from": [-0.25, -0.5, 5.75],
"to": [4.25, 12.5, 10.25],
"rotation": {"angle": 0, "axis": "y", "origin": [2, 12, 8]},
"faces": {
"north": {"uv": [11, 9, 12, 12], "texture": "#1"},
"east": {"uv": [12, 9, 13, 12], "texture": "#1"},
"south": {"uv": [13, 9, 14, 12], "texture": "#1"},
"west": {"uv": [10, 9, 11, 12], "texture": "#1"},
"up": {"uv": [11, 8, 12, 9], "texture": "#1"},
"down": {"uv": [12, 8, 13, 9], "texture": "#1"}
}
}
],
"display": {
"head": {
"translation": [0, -13, 0],
"scale": [1.5, 1.5, 1.5]
}
}
,
"groups": [
{
"name": "Head",
"origin": [8, 12, 8],
"children": [0, 1]
}
,
{
"name": "Body",
"origin": [8, 4, 8],
"children": [2, 3]
}
,
{
"name": "Leg",
"origin": [6, 0, 8],
"children": [4, 5]
}
,
{
"name": "Leg",
"origin": [10, 0, 8],
"children": [6, 7]
}
,
{
"name": "Arm",
"origin": [14, 12, 8],
"children": [8, 9]
}
,
{
"name": "group",
"origin": [2, 12, 8],
"children": [10, 11]
}
]
}
