{
"credit": "Made with Blockbench",
"texture_size": [64, 64],
"textures": {
"0": "sprite/effect/speed_8",
"particle": "sprite/effect/speed_8"
}
,
"elements": [
{
"from": [-16, 0, -16],
"to": [32, 0, 32],
"faces": {
"north": {"uv": [2, 2, 14, 14], "texture": "#0"},
"east": {"uv": [2, 2, 14, 14], "texture": "#0"},
"south": {"uv": [2, 2, 14, 14], "texture": "#0"},
"west": {"uv": [2, 2, 14, 14], "texture": "#0"},
"up": {"uv": [2, 2, 14, 14], "texture": "#0"},
"down": {"uv": [2, 2, 14, 14], "texture": "#0"}
}
}
],
"display": {
"head": {
"translation": [0, -35, 0],
"scale": [1.25, 1, 1.25]
}
}
}
