{
	"credit": "Made with Blockbench",
	"texture_size": [128, 128],
	"textures": {
		"0": "custom/helico_right",
		"particle": "custom/helico_right"
	},
	"elements": [
		{
			"name": "body",
			"from": [0, 0, 6],
			"to": [16, 16, 10],
			"rotation": {"angle": 0, "axis": "y", "origin": [8, 0, 8]},
			"faces": {
				"north": {"uv": [0.5, 0.5, 2.5, 2.5], "texture": "#0"},
				"east": {"uv": [0, 0.5, 0.5, 2.5], "texture": "#0"},
				"south": {"uv": [3, 0.5, 5, 2.5], "texture": "#0"},
				"west": {"uv": [2.5, 0.5, 3, 2.5], "texture": "#0"},
				"up": {"uv": [2.5, 0.5, 0.5, 0], "texture": "#0"},
				"down": {"uv": [4.5, 0, 2.5, 0.5], "texture": "#0"}
			}
		},
		{
			"name": "body",
			"from": [13, 14, 5],
			"to": [15, 20, 11],
			"rotation": {"angle": 0, "axis": "y", "origin": [8, 0, 8]},
			"faces": {
				"north": {"uv": [2.75, 6.25, 3, 7], "texture": "#0"},
				"east": {"uv": [2, 6.25, 2.75, 7], "texture": "#0"},
				"south": {"uv": [3.75, 6.25, 4, 7], "texture": "#0"},
				"west": {"uv": [3, 6.25, 3.75, 7], "texture": "#0"},
				"up": {"uv": [3, 6.25, 2.75, 5.5], "texture": "#0"},
				"down": {"uv": [3.25, 5.5, 3, 6.25], "texture": "#0"}
			}
		},
		{
			"name": "body",
			"from": [11, 18, 6],
			"to": [13, 20, 10],
			"rotation": {"angle": 0, "axis": "y", "origin": [8, 0, 8]},
			"faces": {
				"north": {"uv": [3.375, 3.375, 3.625, 3.625], "texture": "#0"},
				"east": {"uv": [2.875, 3.375, 3.375, 3.625], "texture": "#0"},
				"south": {"uv": [4.125, 3.375, 4.375, 3.625], "texture": "#0"},
				"west": {"uv": [3.625, 3.375, 4.125, 3.625], "texture": "#0"},
				"up": {"uv": [3.625, 3.375, 3.375, 2.875], "texture": "#0"},
				"down": {"uv": [3.875, 2.875, 3.625, 3.375], "texture": "#0"}
			}
		},
		{
			"name": "body",
			"from": [5, 17, 5],
			"to": [11, 21, 11],
			"rotation": {"angle": 0, "axis": "y", "origin": [8, 0, 8]},
			"faces": {
				"north": {"uv": [4.75, 5.625, 5.5, 6.125], "texture": "#0"},
				"east": {"uv": [4, 5.625, 4.75, 6.125], "texture": "#0"},
				"south": {"uv": [6.25, 5.625, 7, 6.125], "texture": "#0"},
				"west": {"uv": [5.5, 5.625, 6.25, 6.125], "texture": "#0"},
				"up": {"uv": [5.5, 5.625, 4.75, 4.875], "texture": "#0"},
				"down": {"uv": [6.25, 4.875, 5.5, 5.625], "texture": "#0"}
			}
		},
		{
			"name": "body",
			"from": [1, 14, 5],
			"to": [3, 20, 11],
			"rotation": {"angle": 0, "axis": "y", "origin": [8, 0, 8]},
			"faces": {
				"north": {"uv": [0.75, 6.25, 1, 7], "texture": "#0"},
				"east": {"uv": [0, 6.25, 0.75, 7], "texture": "#0"},
				"south": {"uv": [1.75, 6.25, 2, 7], "texture": "#0"},
				"west": {"uv": [1, 6.25, 1.75, 7], "texture": "#0"},
				"up": {"uv": [1, 6.25, 0.75, 5.5], "texture": "#0"},
				"down": {"uv": [1.25, 5.5, 1, 6.25], "texture": "#0"}
			}
		},
		{
			"name": "body",
			"from": [3, 18, 6],
			"to": [5, 20, 10],
			"rotation": {"angle": 0, "axis": "y", "origin": [8, 0, 8]},
			"faces": {
				"north": {"uv": [0.5, 3, 0.75, 3.25], "texture": "#0"},
				"east": {"uv": [0, 3, 0.5, 3.25], "texture": "#0"},
				"south": {"uv": [1.25, 3, 1.5, 3.25], "texture": "#0"},
				"west": {"uv": [0.75, 3, 1.25, 3.25], "texture": "#0"},
				"up": {"uv": [0.75, 3, 0.5, 2.5], "texture": "#0"},
				"down": {"uv": [1, 2.5, 0.75, 3], "texture": "#0"}
			}
		}
	],
	"display": {
		"head": {
			"translation": [0, -17.75, 0]
		}
	}
}