{
	"credit": "Made with Blockbench",
	"texture_size": [128, 128],
	"textures": {
		"0": "custom/helico_down",
		"particle": "custom/helico_down"
	},
	"elements": [
		{
			"name": "bone",
			"from": [-10, 21, 6],
			"to": [5, 22, 10],
			"rotation": {"angle": 0, "axis": "y", "origin": [8, 0, 8]},
			"faces": {
				"north": {"uv": [5, 2.5, 6.875, 2.625], "texture": "#0"},
				"east": {"uv": [4.5, 2.5, 5, 2.625], "texture": "#0"},
				"south": {"uv": [7.375, 2.5, 9.25, 2.625], "texture": "#0"},
				"west": {"uv": [6.875, 2.5, 7.375, 2.625], "texture": "#0"},
				"up": {"uv": [6.875, 2.5, 5, 2], "texture": "#0"},
				"down": {"uv": [8.75, 2, 6.875, 2.5], "texture": "#0"}
			}
		},
		{
			"name": "bone",
			"from": [6, 21, 11],
			"to": [10, 22, 26],
			"rotation": {"angle": 0, "axis": "y", "origin": [8, 0, 8]},
			"faces": {
				"north": {"uv": [1.875, 4.375, 2.375, 4.5], "texture": "#0"},
				"east": {"uv": [0, 4.375, 1.875, 4.5], "texture": "#0"},
				"south": {"uv": [4.25, 4.375, 4.75, 4.5], "texture": "#0"},
				"west": {"uv": [2.375, 4.375, 4.25, 4.5], "texture": "#0"},
				"up": {"uv": [2.375, 4.375, 1.875, 2.5], "texture": "#0"},
				"down": {"uv": [2.875, 2.5, 2.375, 4.375], "texture": "#0"}
			}
		},
		{
			"name": "bone",
			"from": [11, 21, 6],
			"to": [26, 22, 10],
			"rotation": {"angle": 0, "axis": "y", "origin": [8, 0, 8]},
			"faces": {
				"north": {"uv": [0.5, 5.375, 2.375, 5.5], "texture": "#0"},
				"east": {"uv": [0, 5.375, 0.5, 5.5], "texture": "#0"},
				"south": {"uv": [2.875, 5.375, 4.75, 5.5], "texture": "#0"},
				"west": {"uv": [2.375, 5.375, 2.875, 5.5], "texture": "#0"},
				"up": {"uv": [2.375, 5.375, 0.5, 4.875], "texture": "#0"},
				"down": {"uv": [4.25, 4.875, 2.375, 5.375], "texture": "#0"}
			}
		},
		{
			"name": "bone",
			"from": [5, 21, 5],
			"to": [11, 23, 11],
			"rotation": {"angle": 0, "axis": "y", "origin": [8, 0, 8]},
			"faces": {
				"north": {"uv": [5.75, 0.75, 6.5, 1], "texture": "#0"},
				"east": {"uv": [5, 0.75, 5.75, 1], "texture": "#0"},
				"south": {"uv": [7.25, 0.75, 8, 1], "texture": "#0"},
				"west": {"uv": [6.5, 0.75, 7.25, 1], "texture": "#0"},
				"up": {"uv": [6.5, 0.75, 5.75, 0], "texture": "#0"},
				"down": {"uv": [7.25, 0, 6.5, 0.75], "texture": "#0"}
			}
		},
		{
			"name": "bone",
			"from": [6, 21, -10],
			"to": [10, 22, 5],
			"rotation": {"angle": 0, "axis": "y", "origin": [8, 0, 8]},
			"faces": {
				"north": {"uv": [4.75, 4.75, 5.25, 4.875], "texture": "#0"},
				"east": {"uv": [2.875, 4.75, 4.75, 4.875], "texture": "#0"},
				"south": {"uv": [7.125, 4.75, 7.625, 4.875], "texture": "#0"},
				"west": {"uv": [5.25, 4.75, 7.125, 4.875], "texture": "#0"},
				"up": {"uv": [5.25, 4.75, 4.75, 2.875], "texture": "#0"},
				"down": {"uv": [5.75, 2.875, 5.25, 4.75], "texture": "#0"}
			}
		}
	],
	"display": {
		"head": {
			"translation": [0, -17.75, 0]
		}
	}
}