{
"parent": "item/generated",
"textures": {
"layer0": "item/acacia_sapling"
}
,
"overrides": [{"predicate": {"custom_model_data": 1},"model": "recap/notepad_cover"},{"predicate": {"custom_model_data": 2},"model": "recap/notepad_page"},{"predicate": {"custom_model_data": 3},"model": "recap/notepad_connect"},{"predicate": {"custom_model_data": 10},"model": "recap/number_0"},{"predicate": {"custom_model_data": 11},"model": "recap/number_1"},{"predicate": {"custom_model_data": 12},"model": "recap/number_2"},{"predicate": {"custom_model_data": 13},"model": "recap/number_3"},{"predicate": {"custom_model_data": 14},"model": "recap/number_4"},{"predicate": {"custom_model_data": 15},"model": "recap/number_5"},{"predicate": {"custom_model_data": 16},"model": "recap/number_6"},{"predicate": {"custom_model_data": 17},"model": "recap/number_7"},{"predicate": {"custom_model_data": 18},"model": "recap/number_8"},{"predicate": {"custom_model_data": 19},"model": "recap/number_9"},{"predicate": {"custom_model_data": 20},"model": "recap/number_dots"},{"predicate": {"custom_model_data": 21},"model": "recap/number_dot"},{"predicate": {"custom_model_data": 22},"model": "recap/text_time"},{"predicate": {"custom_model_data": 23},"model": "recap/text_death"},{"predicate": {"custom_model_data": 24},"model": "recap/text_style"},{"predicate": {"custom_model_data": 25},"model": "recap/text_total"},{"predicate": {"custom_model_data": 30},"model": "recap/rank_f"},{"predicate": {"custom_model_data": 31},"model": "recap/rank_d"},{"predicate": {"custom_model_data": 32},"model": "recap/rank_c"},{"predicate": {"custom_model_data": 33},"model": "recap/rank_b"},{"predicate": {"custom_model_data": 34},"model": "recap/rank_a"},{"predicate": {"custom_model_data": 35},"model": "recap/rank_s"}]
}
