{
	"parent": "item/generated",
	"textures": {
		"layer0": "item/white_dye"
	},
	"overrides": [
		{
			"predicate": {
				"custom_model_data": 1
			},
			"model": "minecraft:item/warden/body"
		},
		{
			"predicate": {
				"custom_model_data": 2
			},
			"model": "minecraft:item/warden/right_ribcage"
		},
		{
			"predicate": {
				"custom_model_data": 3
			},
			"model": "minecraft:item/warden/left_ribcage"
		},
		{
			"predicate": {
				"custom_model_data": 4
			},
			"model": "minecraft:item/warden/head"
		},
		{
			"predicate": {
				"custom_model_data": 5
			},
			"model": "minecraft:item/warden/right_tendril"
		},
		{
			"predicate": {
				"custom_model_data": 6
			},
			"model": "minecraft:item/warden/left_tendril"
		},
		{
			"predicate": {
				"custom_model_data": 7
			},
			"model": "minecraft:item/warden/right_arm"
		},
		{
			"predicate": {
				"custom_model_data": 8
			},
			"model": "minecraft:item/warden/left_arm"
		},
		{
			"predicate": {
				"custom_model_data": 9
			},
			"model": "minecraft:item/warden/right_leg"
		},
		{
			"predicate": {
				"custom_model_data": 10
			},
			"model": "minecraft:item/warden/left_leg"
		}
	],
	"aj": {
		"includedRigs": {
			"75d9e381-6e05-7521-b989-4722aa220412": {
				"name": "warden",
				"usedIDs": [
					[1, 10]
				]
			}
		}
	}
}