{
	"__credit": "Generated using Animated Java (https://animated-java.dev/)",
	"textures": {
		"0": "minecraft:item/warden"
	},
	"elements": [
		{
			"faces": {
				"north": {"uv": [1.375, 1.375, 3.625, 4], "texture": "#0"},
				"east": {"uv": [0, 1.375, 1.375, 4], "texture": "#0"},
				"south": {"uv": [5, 1.375, 7.25, 4], "texture": "#0"},
				"west": {"uv": [3.625, 1.375, 5, 4], "texture": "#0"},
				"up": {"uv": [3.625, 1.375, 1.375, 0], "texture": "#0"},
				"down": {"uv": [5.875, 0, 3.625, 1.375], "texture": "#0"}
			},
			"to": [11.6, 10.2, 10.8],
			"from": [4.4, 1.8, 6.4],
			"rotation": {"angle": 0, "axis": "y", "origin": [8, -3.4, 8]}
		}
	],
	"display": {
		"head": {
			"translation": [0, 5.6, 0],
			"scale": [4, 4, 4],
			"rotation": [0, 0, 0]
		}
	}
}