{
	"__credit": "Generated using Animated Java (https://animated-java.dev/)",
	"textures": {
		"0": "minecraft:item/warden"
	},
	"elements": [
		{
			"faces": {
				"north": {"uv": [1.25, 5.25, 3.25, 7.25], "texture": "#0"},
				"east": {"uv": [0, 5.25, 1.25, 7.25], "texture": "#0"},
				"south": {"uv": [4.5, 5.25, 6.5, 7.25], "texture": "#0"},
				"west": {"uv": [3.25, 5.25, 4.5, 7.25], "texture": "#0"},
				"up": {"uv": [3.25, 5.25, 1.25, 4], "texture": "#0"},
				"down": {"uv": [5.25, 4, 3.25, 5.25], "texture": "#0"}
			},
			"to": [11.2, 11.4, 10],
			"from": [4.8, 5, 6],
			"rotation": {"angle": 0, "axis": "y", "origin": [8, -8.6, 8]}
		}
	],
	"display": {
		"head": {
			"translation": [0, 5.6, 0],
			"scale": [4, 4, 4],
			"rotation": [0, 0, 0]
		}
	}
}