{
	"__credit": "Generated using Animated Java (https://animated-java.dev/)",
	"textures": {
		"0": "minecraft:item/warden"
	},
	"elements": [
		{
			"faces": {
				"north": {"uv": [12.375, 1.375, 11.25, 4], "texture": "#0"},
				"east": {"uv": [12.375, 1.375, 12.375, 4], "texture": "#0"},
				"south": {"uv": [13.5, 1.375, 12.375, 4], "texture": "#0"},
				"west": {"uv": [11.25, 1.375, 11.25, 4], "texture": "#0"},
				"up": {"uv": [11.25, 1.375, 12.375, 1.375], "texture": "#0"},
				"down": {"uv": [12.375, 1.375, 13.5, 1.375], "texture": "#0"}
			},
			"to": [10.8, 9.4, 7.96],
			"from": [7.2, 1, 7.96],
			"rotation": {"angle": 0, "axis": "y", "origin": [10.8, -4.2, 9.6]}
		}
	],
	"display": {
		"head": {
			"translation": [0, 5.6, 0],
			"scale": [4, 4, 4],
			"rotation": [0, 0, 0]
		}
	}
}