{
	"__credit": "Generated using Animated Java (https://animated-java.dev/)",
	"textures": {
		"0": "minecraft:item/warden"
	},
	"elements": [
		{
			"faces": {
				"north": {"uv": [7.25, 0, 9.25, 2], "texture": "#0"},
				"east": {"uv": [7.25, 0, 7.25, 2], "texture": "#0"},
				"south": {"uv": [9.25, 0, 11.25, 2], "texture": "#0"},
				"west": {"uv": [9.25, 0, 9.25, 2], "texture": "#0"},
				"up": {"uv": [9.25, 0, 7.25, 0], "texture": "#0"},
				"down": {"uv": [11.25, 0, 9.25, 0], "texture": "#0"}
			},
			"to": [8, 10.2, 8],
			"from": [1.6, 3.8, 8],
			"rotation": {"angle": 0, "axis": "y", "origin": [11.2, -13.4, 8]}
		}
	],
	"display": {
		"head": {
			"translation": [0, 5.6, 0],
			"scale": [4, 4, 4],
			"rotation": [0, 0, 0]
		}
	}
}