{
	"__credit": "Generated using Animated Java (https://animated-java.dev/)",
	"textures": {
		"0": "minecraft:item/warden"
	},
	"elements": [
		{
			"faces": {
				"north": {"uv": [1, 8.25, 2, 11.75], "texture": "#0"},
				"east": {"uv": [0, 8.25, 1, 11.75], "texture": "#0"},
				"south": {"uv": [3, 8.25, 4, 11.75], "texture": "#0"},
				"west": {"uv": [2, 8.25, 3, 11.75], "texture": "#0"},
				"up": {"uv": [2, 8.25, 1, 7.25], "texture": "#0"},
				"down": {"uv": [3, 7.25, 2, 8.25], "texture": "#0"}
			},
			"to": [9.6, 5, 9.6],
			"from": [6.4, -6.2, 6.4],
			"rotation": {"angle": 0, "axis": "y", "origin": [13.2, -8.6, 7.6]}
		}
	],
	"display": {
		"head": {
			"translation": [0, 5.6, 0],
			"scale": [4, 4, 4],
			"rotation": [0, 0, 0]
		}
	}
}