{
	"__credit": "Generated using Animated Java (https://animated-java.dev/)",
	"textures": {
		"0": "minecraft:item/warden"
	},
	"elements": [
		{
			"faces": {
				"north": {"uv": [10.25, 10.25, 11, 11.875], "texture": "#0"},
				"east": {"uv": [9.5, 10.25, 10.25, 11.875], "texture": "#0"},
				"south": {"uv": [11.75, 10.25, 12.5, 11.875], "texture": "#0"},
				"west": {"uv": [11, 10.25, 11.75, 11.875], "texture": "#0"},
				"up": {"uv": [11, 10.25, 10.25, 9.5], "texture": "#0"},
				"down": {"uv": [11.75, 9.5, 11, 10.25], "texture": "#0"}
			},
			"to": [9.16, 5, 9.2],
			"from": [6.76, -0.2, 6.8],
			"rotation": {"angle": 0, "axis": "y", "origin": [10.36, -0.2, 8]}
		}
	],
	"display": {
		"head": {
			"translation": [0, 5.6, 0],
			"scale": [4, 4, 4],
			"rotation": [0, 0, 0]
		}
	}
}