{
	"__credit": "Generated using Animated Java (https://animated-java.dev/)",
	"textures": {
		"0": "minecraft:item/warden"
	},
	"elements": [
		{
			"faces": {
				"north": {"uv": [6.5, 7.25, 7.5, 10.75], "texture": "#0"},
				"east": {"uv": [5.5, 7.25, 6.5, 10.75], "texture": "#0"},
				"south": {"uv": [8.5, 7.25, 9.5, 10.75], "texture": "#0"},
				"west": {"uv": [7.5, 7.25, 8.5, 10.75], "texture": "#0"},
				"up": {"uv": [7.5, 7.25, 6.5, 6.25], "texture": "#0"},
				"down": {"uv": [8.5, 6.25, 7.5, 7.25], "texture": "#0"}
			},
			"to": [9.6, 5, 9.6],
			"from": [6.4, -6.2, 6.4],
			"rotation": {"angle": 0, "axis": "y", "origin": [2.8, -8.6, 7.6]}
		}
	],
	"display": {
		"head": {
			"translation": [0, 5.6, 0],
			"scale": [4, 4, 4],
			"rotation": [0, 0, 0]
		}
	}
}