{
	"__credit": "Generated using Animated Java (https://animated-java.dev/)",
	"textures": {
		"0": "minecraft:item/warden"
	},
	"elements": [
		{
			"faces": {
				"north": {"uv": [6.5, 4, 8.5, 6], "texture": "#0"},
				"east": {"uv": [6.5, 4, 6.5, 6], "texture": "#0"},
				"south": {"uv": [8.5, 4, 10.5, 6], "texture": "#0"},
				"west": {"uv": [8.5, 4, 8.5, 6], "texture": "#0"},
				"up": {"uv": [8.5, 4, 6.5, 4], "texture": "#0"},
				"down": {"uv": [10.5, 4, 8.5, 4], "texture": "#0"}
			},
			"to": [14.4, 10.2, 8],
			"from": [8, 3.8, 8],
			"rotation": {"angle": 0, "axis": "y", "origin": [4.8, -13.4, 8]}
		}
	],
	"display": {
		"head": {
			"translation": [0, 5.6, 0],
			"scale": [4, 4, 4],
			"rotation": [0, 0, 0]
		}
	}
}