{
	"__credit": "Generated using Animated Java (https://animated-java.dev/)",
	"textures": {
		"0": "minecraft:item/warden"
	},
	"elements": [
		{
			"faces": {
				"north": {"uv": [10.25, 6.75, 11, 8.375], "texture": "#0"},
				"east": {"uv": [9.5, 6.75, 10.25, 8.375], "texture": "#0"},
				"south": {"uv": [11.75, 6.75, 12.5, 8.375], "texture": "#0"},
				"west": {"uv": [11, 6.75, 11.75, 8.375], "texture": "#0"},
				"up": {"uv": [11, 6.75, 10.25, 6], "texture": "#0"},
				"down": {"uv": [11.75, 6, 11, 6.75], "texture": "#0"}
			},
			"to": [9.24, 5, 9.2],
			"from": [6.84, -0.2, 6.8],
			"rotation": {"angle": 0, "axis": "y", "origin": [5.64, -0.2, 8]}
		}
	],
	"display": {
		"head": {
			"translation": [0, 5.6, 0],
			"scale": [4, 4, 4],
			"rotation": [0, 0, 0]
		}
	}
}