{
   "providers": [
      {
         "type": "bitmap",
         "file": "minecraft:sprite/ui/double_jump.png",
         "ascent": 30,
         "height": 60,
         "chars": ["\uE100"],
         "shift": [0.0, 0.0]
      },{
         "type": "bitmap",
         "file": "minecraft:sprite/ui/triple_jump.png",
         "ascent": 30,
         "height": 60,
         "chars": ["\uE101"],
         "shift": [0.0, 0.0]
      },{
         "type": "bitmap",
         "file": "minecraft:sprite/ui/quadruple_jump.png",
         "ascent": 30,
         "height": 60,
         "chars": ["\uE102"],
         "shift": [0.0, 0.0]
      },{
         "type": "bitmap",
         "file": "minecraft:sprite/ui/quintuple_jump.png",
         "ascent": 30,
         "height": 60,
         "chars": ["\uE103"],
         "shift": [0.0, 0.0]
      },{
         "type": "bitmap",
         "file": "minecraft:sprite/kernel.png",
         "ascent": 30,
         "height": 60,
         "chars": ["\uE200"],
         "shift": [0.0, 0.0]
      }
	]
}
