{
"credit": "Made with Blockbench",
"texture_size": [64, 64],
"textures": {
"1": "recap/number_8"
}
,
"elements": [
{
"from": [6, 0, 8.1],
"to": [10, 4, 8.1],
"faces": {
"north": {"uv": [0, 0, 16, 16], "texture": "#1"},
"east": {"uv": [0, 0, 16, 16], "texture": "#1"},
"south": {"uv": [0, 0, 16, 16], "texture": "#1"},
"west": {"uv": [0, 0, 16, 16], "texture": "#1"},
"up": {"uv": [0, 0, 16, 16], "texture": "#1"},
"down": {"uv": [0, 0, 16, 16], "texture": "#1"}
}
}
],
"display": {
"head": {
"translation": [0, -30, 0],
"scale": [1.5, 1.5, 2]
}
}
}
