{
"credit": "Made with Blockbench",
"texture_size": [256, 256],
"textures": {
"0": "screen/setting_enum_4",
"particle": "screen/setting_enum_4"
}
,
"elements": [
{
"from": [-8, 0, 8],
"to": [24, 8, 8],
"rotation": {"angle": 0, "axis": "y", "origin": [7, 4, 7]},
"faces": {
"north": {"uv": [8, 4, 16, 6], "texture": "#0"},
"east": {"uv":  [8, 4, 16, 6], "texture": "#0"},
"south": {"uv": [8, 4, 16, 6], "texture": "#0"},
"west": {"uv":  [8, 4, 16, 6], "texture": "#0"},
"up": {"uv":    [8, 4, 16, 6], "texture": "#0"},
"down": {"uv":  [8, 4, 16, 6], "texture": "#0"}
}
}
],
"display": {
"head": {
"translation": [0, -34.25, 0],
"scale": [2, 2, 2]
}
}
}
