{
	"credit": "Made with Blockbench",
	"texture_size": [64, 64],
	"textures": {
		"0": "custom/skybuster",
		"particle": "custom/skybuster"
	},
	"elements": [
		{
			"from": [-1, 0, 3],
			"to": [2, 10, 13],
			"rotation": {"angle": 0, "axis": "z", "origin": [7, 8, 15]},
			"faces": {
				"north": {"uv": [7.5, 7.5, 8.25, 10], "texture": "#0"},
				"east": {"uv": [0, 5, 2.5, 7.5], "texture": "#0"},
				"south": {"uv": [7.5, 4.5, 8.25, 7], "texture": "#0"},
				"west": {"uv": [2.5, 6, 5, 8.5], "texture": "#0"},
				"up": {"uv": [9, 10.75, 8.25, 8.25], "texture": "#0"},
				"down": {"uv": [9, 4.5, 8.25, 7], "texture": "#0"}
			}
		},
		{
			"from": [2, 1, 4],
			"to": [5, 9, 12],
			"rotation": {"angle": 0, "axis": "z", "origin": [7, 8, 15]},
			"faces": {
				"north": {"uv": [2, 8.5, 2.75, 10.5], "texture": "#0"},
				"east": {"uv": [7, 2.5, 9, 4.5], "texture": "#0"},
				"south": {"uv": [2.75, 8.5, 3.5, 10.5], "texture": "#0"},
				"west": {"uv": [0, 7.5, 2, 9.5], "texture": "#0"},
				"up": {"uv": [4.25, 10.5, 3.5, 8.5], "texture": "#0"},
				"down": {"uv": [5, 8.5, 4.25, 10.5], "texture": "#0"}
			}
		},
		{
			"from": [5, 0, 3],
			"to": [19, 10, 13],
			"rotation": {"angle": 0, "axis": "z", "origin": [7, 8, 15]},
			"faces": {
				"north": {"uv": [0, 0, 3.5, 2.5], "texture": "#0"},
				"east": {"uv": [5, 6, 7.5, 8.5], "texture": "#0"},
				"south": {"uv": [0, 2.5, 3.5, 5], "texture": "#0"},
				"west": {"uv": [7, 0, 9.5, 2.5], "texture": "#0"},
				"up": {"uv": [7, 6, 3.5, 3.5], "texture": "#0"},
				"down": {"uv": [7, 0, 3.5, 2.5], "texture": "#0"}
			}
		},
		{
			"from": [14, 3, 13],
			"to": [18, 7, 14],
			"rotation": {"angle": 0, "axis": "z", "origin": [7, 8, 25]},
			"faces": {
				"north": {"uv": [0, 0, 3.5, 2.5], "texture": "#0"},
				"east": {"uv": [9.5, 0, 12, 2.5], "texture": "#0"},
				"south": {"uv": [0, 10.5, 3.5, 13], "texture": "#0"},
				"west": {"uv": [9, 8.25, 11.5, 10.75], "texture": "#0"},
				"up": {"uv": [13, 5.25, 9.5, 2.75], "texture": "#0"},
				"down": {"uv": [12.75, 6.25, 9.25, 8.75], "texture": "#0"}
			}
		},
		{
			"from": [7, -3, 7],
			"to": [9, 0, 9],
			"rotation": {"angle": 0, "axis": "z", "origin": [7, 8, 15]},
			"faces": {
				"north": {"uv": [2.5, 5, 3, 5.75], "texture": "#0"},
				"east": {"uv": [3, 5, 3.5, 5.75], "texture": "#0"},
				"south": {"uv": [6.5, 2.5, 7, 3.25], "texture": "#0"},
				"west": {"uv": [7, 4.5, 7.5, 5.25], "texture": "#0"},
				"up": {"uv": [8, 7.5, 7.5, 7], "texture": "#0"},
				"down": {"uv": [8.75, 7.75, 8.25, 8.25], "texture": "#0"}
			}
		},
		{
			"from": [15, -3, 7],
			"to": [17, 0, 9],
			"rotation": {"angle": 0, "axis": "z", "origin": [7, 8, 15]},
			"faces": {
				"north": {"uv": [7, 5.25, 7.5, 6], "texture": "#0"},
				"east": {"uv": [2, 7.5, 2.5, 8.25], "texture": "#0"},
				"south": {"uv": [8.25, 7, 8.75, 7.75], "texture": "#0"},
				"west": {"uv": [5, 8.5, 5.5, 9.25], "texture": "#0"},
				"up": {"uv": [7, 9, 6.5, 8.5], "texture": "#0"},
				"down": {"uv": [7.5, 8.5, 7, 9], "texture": "#0"}
			}
		},
		{
			"from": [9, -3, 7],
			"to": [15, -1, 9],
			"rotation": {"angle": 0, "axis": "z", "origin": [7, 8, 15]},
			"faces": {
				"north": {"uv": [3.5, 2.5, 5, 3], "texture": "#0"},
				"east": {"uv": [5.5, 8.5, 6, 9], "texture": "#0"},
				"south": {"uv": [3.5, 3, 5, 3.5], "texture": "#0"},
				"west": {"uv": [6, 8.5, 6.5, 9], "texture": "#0"},
				"up": {"uv": [6.5, 3, 5, 2.5], "texture": "#0"},
				"down": {"uv": [6.5, 3, 5, 3.5], "texture": "#0"}
			}
		}
	],
	"display": {
		"thirdperson_righthand": {
			"rotation": [0, -90, 0],
			"translation": [0, 3.75, -1],
			"scale": [0.5, 0.5, 0.5]
		},
		"thirdperson_lefthand": {
			"rotation": [0, 90, 0],
			"translation": [0, 4.25, -1],
			"scale": [0.5, 0.5, 0.5]
		},
		"firstperson_righthand": {
			"rotation": [0, -90, 0],
			"translation": [2, 5.75, 0.75]
		},
		"firstperson_lefthand": {
			"rotation": [0, 90, 0],
			"translation": [2.25, 5.25, 0]
		},
		"ground": {
			"translation": [0, 1.25, 0],
			"scale": [0.5, 0.5, 0.5]
		},
		"gui": {
			"rotation": [25, 45, 0],
			"translation": [-0.5, 1.75, 0],
			"scale": [0.75, 0.75, 0.75]
		},
		"head": {
			"translation": [-0.5, -32.25, 0]
		},
		"fixed": {
			"translation": [-0.5, 4, 0]
		}
	}
}