{
"credit": "Made with Blockbench",
"texture_size": [128, 128],
"textures": {
"0": "custom/help/snake",
"particle": "custom/help/snake"
}
,
"elements": [
{
"from": [-16, -16, 8],
"to": [32, 32, 8],
"faces": {
"north": {"uv": [0, 0, 12, 12], "texture": "#0"},
"east": {"uv": [0, 0, 12, 12], "texture": "#0"},
"south": {"uv": [0, 0, 12, 12], "texture": "#0"},
"west": {"uv": [0, 0, 12, 12], "texture": "#0"},
"up": {"uv": [0, 0, 12, 12], "texture": "#0"},
"down": {"uv": [0, 0, 12, 12], "texture": "#0"}
}
}
],
"display": {
"head": {
"translation": [0, -17.5, 0]
}
}
}
