{
"parent": "item/generated",
"textures": {
"layer0": "item/coal"
}
,
"overrides": [{"predicate": {"custom_model_data": 1},"model": "item/help/jump_boost"},{"predicate": {"custom_model_data": 2},"model": "item/help/double_jump"},{"predicate": {"custom_model_data": 3},"model": "item/help/slow_falling"},{"predicate": {"custom_model_data": 4},"model": "item/help/snake"},{"predicate": {"custom_model_data": 5},"model": "item/help/speed"},{"predicate": {"custom_model_data": 6},"model": "item/help/beat_block"}]
}
