{
"parent": "item/generated",
"textures": {
"layer0": "item/egg"
}
,
"overrides": [{"predicate": {"custom_model_data": 1},"model": "item/deco/theblueman003"},{"predicate": {"custom_model_data": 2},"model": "item/deco/title"},{"predicate": {"custom_model_data": 3},"model": "item/deco/benjamin874"},{"predicate": {"custom_model_data": 4},"model": "item/deco/p_king"},{"predicate": {"custom_model_data": 5},"model": "item/deco/p6x"},{"predicate": {"custom_model_data": 6},"model": "item/deco/kingofp1zza"},{"predicate": {"custom_model_data": 7},"model": "item/deco/diluteyt"},{"predicate": {"custom_model_data": 8},"model": "item/deco/bullen13"},{"predicate": {"custom_model_data": 9},"model": "item/deco/flying_help"}]
}
