{
"parent": "item/generated",
"textures": {
"layer0": "item/iron_ingot"
}
,
"overrides": [{"predicate": {"custom_model_data": 1},"model": "item/iron_ingot/head"},{"predicate": {"custom_model_data": 2},"model": "item/iron_ingot/body"},{"predicate": {"custom_model_data": 3},"model": "item/iron_ingot/rightarm"},{"predicate": {"custom_model_data": 4},"model": "item/iron_ingot/leftarm"},{"predicate": {"custom_model_data": 5},"model": "item/iron_ingot/rightleg"},{"predicate": {"custom_model_data": 6},"model": "item/iron_ingot/leftleg"}]
}
