{
	"credit": "Made with Blockbench",
	"textures": {
		"1": "blockbench/controlls",
		"particle": "blockbench/title"
	},
	"elements": [
		{
			"from": [-16, -16, 7],
			"to": [32, 32, 7],
			"rotation": {"angle": 0, "axis": "y", "origin": [8, 8, 15]},
			"faces": {
				"north": {"uv": [0, 0, 16, 16], "texture": "#1"},
				"east": {"uv": [0, 0, 0, 16], "texture": "#missing"},
				"south": {"uv": [0, 0, 16, 16], "texture": "#1"},
				"west": {"uv": [0, 0, 0, 16], "texture": "#missing"},
				"up": {"uv": [0, 0, 16, 0], "texture": "#missing"},
				"down": {"uv": [0, 0, 16, 0], "texture": "#missing"}
			}
		}
	],
	"display": {
		"head": {
			"translation": [0, -17.5, 0],
			"scale": [4, 4, 1]
		}
	}
}