{
	"credit": "Made with Blockbench",
	"textures": {
		"0": "blockbench/menu_leaderboard",
		"particle": "blockbench/menu_leaderboard"
	},
	"elements": [
		{
			"from": [0, 0, 8],
			"to": [16, 16, 8],
			"rotation": {"angle": 0, "axis": "y", "origin": [8, 8, 0]},
			"faces": {
				"south": {"uv": [0, 0, 16, 16], "texture": "#0"}
			}
		}
	],
	"display": {
		"thirdperson_righthand": {
			"translation": [0, 7.75, 0],
			"scale": [0, 0, 0]
		},
		"thirdperson_lefthand": {
			"scale": [0, 0, 0]
		},
		"firstperson_righthand": {
			"translation": [-9, 8.25, 1]
		},
		"firstperson_lefthand": {
			"translation": [-9, 8.25, 1]
		},
		"gui": {
			"rotation": [0, 90, 0]
		}
	}
}