{
	"credit": "Made with Blockbench",
	"texture_size": [64, 64],
	"textures": {
		"0": "blockbench/texture_0",
		"particle": "blockbench/texture_0"
	},
	"elements": [
		{
			"name": "head",
			"from": [6, 12, 6],
			"to": [10, 16, 10],
			"rotation": {"angle": 0, "axis": "y", "origin": [8, 12, 8]},
			"faces": {
				"north": {"uv": [2, 2, 4, 4], "texture": "#0"},
				"east": {"uv": [0, 2, 2, 4], "texture": "#0"},
				"south": {"uv": [6, 2, 8, 4], "texture": "#0"},
				"west": {"uv": [4, 2, 6, 4], "texture": "#0"},
				"up": {"uv": [2, 0, 4, 2], "texture": "#0"},
				"down": {"uv": [4, 0, 6, 2], "texture": "#0"}
			}
		},
		{
			"name": "hat",
			"from": [5.9, 12, 5.9],
			"to": [10.1, 16.2, 10.1],
			"rotation": {"angle": 0, "axis": "y", "origin": [8, 12, 8]},
			"faces": {
				"north": {"uv": [10, 2, 12, 4], "texture": "#0"},
				"east": {"uv": [8, 2, 10, 4], "texture": "#0"},
				"south": {"uv": [14, 2, 16, 4], "texture": "#0"},
				"west": {"uv": [12, 2, 14, 4], "texture": "#0"},
				"up": {"uv": [9.25, 0, 11.25, 2], "texture": "#0"},
				"down": {"uv": [11.75, 0, 13.75, 2], "texture": "#0"}
			}
		},
		{
			"name": "body",
			"from": [6, 6, 7],
			"to": [10, 12, 9],
			"rotation": {"angle": 0, "axis": "y", "origin": [8, 12, 8]},
			"faces": {
				"north": {"uv": [5, 5, 7, 8], "texture": "#0"},
				"east": {"uv": [4, 5, 5, 8], "texture": "#0"},
				"south": {"uv": [8, 5, 10, 8], "texture": "#0"},
				"west": {"uv": [7.25, 5, 8, 8], "texture": "#0"},
				"up": {"uv": [5, 4, 7, 5], "texture": "#0"},
				"down": {"uv": [7, 4, 9, 5], "texture": "#0"}
			}
		},
		{
			"name": "vest",
			"from": [5.9, 6, 6.9],
			"to": [10.1, 12.2, 9.1],
			"rotation": {"angle": 0, "axis": "y", "origin": [8, 12, 8]},
			"faces": {
				"north": {"uv": [5, 9, 7, 12], "texture": "#0"},
				"east": {"uv": [4, 9, 5, 12], "texture": "#0"},
				"south": {"uv": [8, 9, 10, 12], "texture": "#0"},
				"west": {"uv": [7.25, 9, 8, 12], "texture": "#0"},
				"up": {"uv": [5, 8, 7, 9], "texture": "#0"},
				"down": {"uv": [7, 8, 9, 9], "texture": "#0"}
			}
		},
		{
			"name": "armright",
			"from": [10, 12, 7],
			"to": [12, 18, 9],
			"rotation": {"angle": -22.5, "axis": "z", "origin": [10, 12, 8]},
			"faces": {
				"north": {"uv": [13, 5, 14, 8], "rotation": 180, "texture": "#0"},
				"east": {"uv": [10, 5, 11, 8], "rotation": 180, "texture": "#0"},
				"south": {"uv": [11, 5, 12, 8], "rotation": 180, "texture": "#0"},
				"west": {"uv": [12, 5, 13, 8], "rotation": 180, "texture": "#0"},
				"up": {"uv": [12, 4, 13, 5], "texture": "#0"},
				"down": {"uv": [11, 4, 12, 5], "texture": "#0"}
			}
		},
		{
			"name": "sleveright",
			"from": [9.9, 11.9, 6.9],
			"to": [12.1, 18.1, 9.1],
			"rotation": {"angle": -22.5, "axis": "z", "origin": [10, 12, 8]},
			"faces": {
				"north": {"uv": [13, 9, 14, 12], "rotation": 180, "texture": "#0"},
				"east": {"uv": [10, 9, 11, 12], "rotation": 180, "texture": "#0"},
				"south": {"uv": [11, 9, 12, 12], "rotation": 180, "texture": "#0"},
				"west": {"uv": [12, 9, 13, 12], "rotation": 180, "texture": "#0"},
				"up": {"uv": [12, 8, 13, 9], "texture": "#0"},
				"down": {"uv": [11, 8, 12, 9], "texture": "#0"}
			}
		},
		{
			"name": "armleft",
			"from": [4, 6, 7],
			"to": [6, 12, 9],
			"rotation": {"angle": 0, "axis": "x", "origin": [6, 12, 8]},
			"faces": {
				"north": {"uv": [9, 13, 10, 16], "texture": "#0"},
				"east": {"uv": [8, 13, 9, 16], "texture": "#0"},
				"south": {"uv": [11, 13, 12, 16], "texture": "#0"},
				"west": {"uv": [10, 13, 11, 16], "texture": "#0"},
				"up": {"uv": [9, 12, 10, 13], "texture": "#0"},
				"down": {"uv": [10, 12, 11, 13], "texture": "#0"}
			}
		},
		{
			"name": "sleveleft",
			"from": [3.9, 5.9, 6.9],
			"to": [6.1, 12.1, 9.1],
			"rotation": {"angle": 0, "axis": "x", "origin": [6, 12, 8]},
			"faces": {
				"north": {"uv": [13, 13, 14, 16], "texture": "#0"},
				"east": {"uv": [12, 13, 13, 16], "texture": "#0"},
				"south": {"uv": [15, 13, 16, 16], "texture": "#0"},
				"west": {"uv": [14, 13, 15, 16], "texture": "#0"},
				"up": {"uv": [13, 12, 14, 13], "texture": "#0"},
				"down": {"uv": [14, 12, 15, 13], "texture": "#0"}
			}
		},
		{
			"name": "legleft",
			"from": [6, 0, 7],
			"to": [8, 6, 9],
			"rotation": {"angle": 0, "axis": "y", "origin": [8, 12, 8]},
			"faces": {
				"north": {"uv": [1, 5, 2, 8], "texture": "#0"},
				"east": {"uv": [0, 5, 1, 8], "texture": "#0"},
				"south": {"uv": [3, 5, 4, 8], "texture": "#0"},
				"west": {"uv": [2, 5, 3, 8], "texture": "#0"},
				"up": {"uv": [1, 4, 2, 5], "texture": "#0"},
				"down": {"uv": [2, 4, 3, 5], "texture": "#0"}
			}
		},
		{
			"name": "pantleft",
			"from": [5.9, -0.1, 6.9],
			"to": [8.1, 6.1, 9.1],
			"rotation": {"angle": 0, "axis": "y", "origin": [8, 12, 8]},
			"faces": {
				"north": {"uv": [1, 9, 2, 12], "texture": "#0"},
				"east": {"uv": [0, 9, 1, 12], "texture": "#0"},
				"south": {"uv": [3, 9, 4, 12], "texture": "#0"},
				"west": {"uv": [2, 9, 3, 12], "texture": "#0"},
				"up": {"uv": [1, 8, 2, 9], "texture": "#0"},
				"down": {"uv": [2, 8, 3, 9], "texture": "#0"}
			}
		},
		{
			"name": "legright",
			"from": [8, 0, 7],
			"to": [10, 6, 9],
			"rotation": {"angle": 0, "axis": "y", "origin": [8, 12, 8]},
			"faces": {
				"north": {"uv": [5, 13, 6, 16], "texture": "#0"},
				"east": {"uv": [4, 13, 5, 16], "texture": "#0"},
				"south": {"uv": [7, 13, 8, 16], "texture": "#0"},
				"west": {"uv": [6, 13, 7, 16], "texture": "#0"},
				"up": {"uv": [5, 12, 6, 13], "texture": "#0"},
				"down": {"uv": [6, 12, 7, 13], "texture": "#0"}
			}
		},
		{
			"name": "pantright",
			"from": [7.9, -0.1, 6.9],
			"to": [10.1, 6.1, 9.1],
			"rotation": {"angle": 0, "axis": "y", "origin": [8, 12, 8]},
			"faces": {
				"north": {"uv": [1, 13, 2, 16], "texture": "#0"},
				"east": {"uv": [0, 13, 1, 16], "texture": "#0"},
				"south": {"uv": [3, 13, 4, 16], "texture": "#0"},
				"west": {"uv": [2, 13, 3, 16], "texture": "#0"},
				"up": {"uv": [1, 12, 2, 13], "texture": "#0"},
				"down": {"uv": [2, 12, 3, 13], "texture": "#0"}
			}
		}
	],
	"display": {
		"head": {
			"translation": [0, -16.5, 0],
			"scale": [3.25, 3.25, 3.25]
		}
	}
}